"Species","EEZ","p2","p4","Average","Max"
"Oncorhynchus tshawytscha","Canadian Exclusive Economic Zone",0.0958083832335329,0.0164670658682635,0.842609734383342,8.2923610758136
"Oncorhynchus tshawytscha","Japanese Exclusive Economic Zone",0.654654654654655,0.414414414414414,3.22484453473994,8.2923610758136
"Oncorhynchus tshawytscha","Joint regime area United States / Russia",0.088785046728972,0.000424808836023789,0.65853642245285,4.52469914956344
"Oncorhynchus tshawytscha","Mexican Exclusive Economic Zone",0,0,1.39103211319713,1.39103211319713
"Oncorhynchus tshawytscha","Overlapping claim Kuril Islands: Japan / Russia",0.413978494623656,0.236559139784946,2.34641512780241,6.47029227312863
"Oncorhynchus tshawytscha","Russian Exclusive economic Zone",0.130097382836275,0.0340839926962873,0.865808804000635,8.2923610758136
"Oncorhynchus tshawytscha","United States Exclusive Economic Zone",0.414847161572052,0.196506550218341,2.31239267564244,8.2923610758136
"Oncorhynchus tshawytscha","United States Exclusive Economic Zone (Alaska)",0.0870077415011781,0.00622685964321777,0.681170836106907,5.37788591234407
"Oncorhynchus tshawytscha","United States Exclusive Economic Zone (Hawaii)",0,0,1.39103211319713,1.39103211319713
