"Species","EEZ","p2","p4","Average","Max"
"Epinephelus akaara","Chinese Exclusive Economic Zone",0.504743833017078,0.304554079696395,3.13453581447229,8.2923610758136
"Epinephelus akaara","Japanese Exclusive Economic Zone",0.144856968959221,0.0596469872185027,1.4593188188436,8.2923610758136
"Epinephelus akaara","Joint regime area Japan / Korea",0.242268041237113,0.108247422680412,2.03652487006469,6.34243325910591
"Epinephelus akaara","North Korean Exclusive Economic Zone",0,0,0.282764874178473,0.72379719187014
"Epinephelus akaara","Overlapping claim Senkaku Islands: Japan / China / Taiwan",0.588235294117647,0.411764705882353,3.92106782564845,8.2923610758136
"Epinephelus akaara","Philippines Exclusive Economic Zone",1,1,7.66288348396774,8.2923610758136
"Epinephelus akaara","South Korean Exclusive Economic Zone",0.0534351145038168,0,1.13204127117619,3.18797907536881
"Epinephelus akaara","Taiwanese Exclusive Economic Zone",0.678378378378378,0.478378378378378,4.15741083609158,8.2923610758136
"Epinephelus akaara","Vietnamese Exclusive Economic Zone",1,0.454545454545455,3.95618817021516,5.66473577747783
