"Species","EEZ","p2","p4","Average","Max"
"Acipenser stellatus","Bulgarian Exclusive Economic Zone",0.783783783783784,0.297297297297297,3.27613905736203,6.9594450931985
"Acipenser stellatus","Georgian Exclusive Economic Zone",1,1,8.28748902144817,8.2923610758136
"Acipenser stellatus","Overlapping claim Ukrainian Exclusive Economic Zone",0.682352941176471,0.523529411764706,4.42329769547648,8.2923610758136
"Acipenser stellatus","Romanian Exclusive economic Zone",0.392857142857143,0.267857142857143,2.85239494051317,8.2923610758136
"Acipenser stellatus","Russian Exclusive economic Zone",1,0.926829268292683,7.36704644613178,8.2923610758136
"Acipenser stellatus","Turkish Exclusive Economic Zone",0.979274611398964,0.901554404145078,7.34410425178418,8.2923610758136
