"Species","EEZ","p2","p4","Average","Max"
"Haliotis rufescens","Mexican Exclusive Economic Zone",0.295890410958904,0.232876712328767,2.20283234802143,8.2923610758136
"Haliotis rufescens","United States Exclusive Economic Zone",0.13262599469496,0.0503978779840849,0.902155495101854,8.2923610758136
