"Species","EEZ","p2","p4","Average","Max"
"Tresus nuttallii","Canadian Exclusive Economic Zone",0.685920577617328,0.220216606498195,2.79269836642185,5.28253160883386
"Tresus nuttallii","Mexican Exclusive Economic Zone",0.707692307692308,0.276923076923077,3.29811922565647,8.2923610758136
"Tresus nuttallii","United States Exclusive Economic Zone",0.36036036036036,0.117117117117117,1.94895124724915,8.2923610758136
"Tresus nuttallii","United States Exclusive Economic Zone (Alaska)",0.75609756097561,0.359756097560976,3.16408125011258,5.28253160883386
